{
	"peers":[
		{
			"type":"tcp",
			"peer_inetaddr":"127.0.0.1:55558",
			"local_inetaddr":"127.0.0.2:44448",
			"peer_zone":"1.1.1.0",
			"local_zone":"1.1.2.0",
			"peer_username":"user2",
			"peer_password":"pass2",
			"auth_type":"chap"
		},
		{
			"type":"tcp",
			"peer_inetaddr":"127.0.0.1:44448",
			"local_inetaddr":"127.0.0.2:55558",
			"peer_zone":"1.1.2.0",
			"local_zone":"1.1.1.0",
			"peer_username":"user2",
			"peer_password":"pass2",
			"auth_type":"chap"
		}
	]
}
