{
	"clicmds":
	[
		{
			"cmdname":"webgui",
			"value":"0",
			"mode":"0",
			"help":"web gui settings",
			"subcmd":
				[
				{
					"cmdname":"ip",
					"parentcmd":"webgui",
					"value":"0.0.0.0",
					"mode":"0",
					"help":"set webgui listen ip"
				},
				{
					"cmdname":"port",
					"parentcmd":"webgui",
					"value":"8282",
					"mode":"0",
					"help":"set webgui listen port"
				},
				{
					"cmdname":"type",
					"parentcmd":"webgui",
					"value":"https",
					"mode":"0",
					"help":"set http/https"
				},
				{
					"cmdname":"url",
					"parentcmd":"webgui",
					"value":"/staros/ui/",
					"mode":"0",
					"help":"default url is : /staros/ui/"
				}
				]
		}
	]
}