{
	"apps":[
		{
			"ProcessName":"cli",
			"AutoRestart":"Disable",
			"Version":"22",
			"Category":"Drivers",
			"Origin":"StarOS.xyz",
			"Title":"Default Apps",
			"Desc":"Default Apps",
			"URL":"http://www.staros.xyz"
		},
		{
			"ProcessName":"app1",
			"AutoRestart":"Disable",
			"Version":"22",
			"Category":"Drivers",
			"Origin":"StarOS.xyz",
			"Title":"Default Apps",
			"Desc":"Default Apps",
			"URL":"http://www.staros.xyz"
		},
		{
			"ProcessName":"app2",
			"AutoRestart":"Disable",
			"Version":"22",
			"Category":"Drivers",
			"Origin":"StarOS.xyz",
			"Title":"Default Apps",
			"Desc":"Default Apps",
			"URL":"http://www.staros.xyz"
		},
		{
			"ProcessName":"webserver",
			"AutoRestart":"Disable",
			"Version":"22",
			"Category":"Drivers",
			"Origin":"StarOS.xyz",
			"Title":"Default Apps",
			"Desc":"Default Apps",
			"URL":"http://www.staros.xyz"
		}
	]
}